{"cameraMode":{"drawMode":0,"name":"Shaded","section":"Shading Mode"},"sceneLighting":false,"audioPlay":false,"sceneViewState":{"showFog":true,"showMaterialUpdate":false,"showSkybox":false,"showFlares":true,"showImageEffects":true,"showParticleSystems":true},"in2DMode":false,"pivot":{"x":-7.791998863220215,"y":1.0960900783538819,"z":-49.48755645751953},"rotation":{"x":-0.28857460618019106,"y":-0.13609731197357179,"z":0.041481416672468188,"w":-0.9468271136283875},"size":7.511904716491699,"orthographic":false}