{"cameraMode":{"drawMode":0,"name":"Shaded","section":"Shading Mode"},"sceneLighting":true,"audioPlay":false,"sceneViewState":{"showFog":true,"showMaterialUpdate":false,"showSkybox":true,"showFlares":true,"showImageEffects":true,"showParticleSystems":true},"in2DMode":false,"pivot":{"x":-2.845639705657959,"y":-0.6419961452484131,"z":-44.14946365356445},"rotation":{"x":0.11209383606910706,"y":0.8823108673095703,"z":-0.26604628562927248,"w":0.3717282712459564},"size":6.02064323425293,"orthographic":false}