{"cameraMode":{"drawMode":0,"name":"Shaded","section":"Shading Mode"},"sceneLighting":true,"audioPlay":false,"sceneViewState":{"showFog":true,"showMaterialUpdate":false,"showSkybox":true,"showFlares":true,"showImageEffects":true,"showParticleSystems":true},"in2DMode":false,"pivot":{"x":3.7732596397399904,"y":3.1893060207366945,"z":0.1934642344713211},"rotation":{"x":-0.3970675766468048,"y":-0.012354937382042408,"z":0.005339398514479399,"w":-0.9176907539367676},"size":22.0,"orthographic":false}