{"cameraMode":{"drawMode":0,"name":"Shaded","section":"Shading Mode"},"sceneLighting":true,"audioPlay":false,"sceneViewState":{"showFog":true,"showMaterialUpdate":false,"showSkybox":true,"showFlares":true,"showImageEffects":true,"showParticleSystems":true},"in2DMode":false,"pivot":{"x":16.930927276611329,"y":-6.207157135009766,"z":23.957313537597658},"rotation":{"x":0.18817180395126344,"y":-0.5336846709251404,"z":0.12319302558898926,"w":0.8152273297309876},"size":36.675228118896487,"orthographic":false}