{"cameraMode":{"drawMode":0,"name":"Shaded","section":"Shading Mode"},"sceneLighting":true,"audioPlay":false,"sceneViewState":{"showFog":true,"showMaterialUpdate":false,"showSkybox":true,"showFlares":true,"showImageEffects":true,"showParticleSystems":true},"in2DMode":false,"pivot":{"x":141.3674774169922,"y":472.2999572753906,"z":0.0},"rotation":{"x":-0.12678441405296327,"y":0.33933329582214358,"z":-0.046219054609537128,"w":-0.930936336517334},"size":797.0961303710938,"orthographic":false}