{"cameraMode":{"drawMode":0,"name":"Shaded","section":"Shading Mode"},"sceneLighting":true,"audioPlay":false,"sceneViewState":{"showFog":true,"showMaterialUpdate":false,"showSkybox":true,"showFlares":true,"showImageEffects":true,"showParticleSystems":true},"in2DMode":false,"pivot":{"x":-4.905740261077881,"y":-1.8914637565612794,"z":-57.38699722290039},"rotation":{"x":-0.000351965514710173,"y":0.9975844025611877,"z":-0.06928101927042008,"w":-0.005047296639531851},"size":26.950000762939454,"orthographic":false}